{
  "epoch": [
    1,
    2,
    3,
    4,
    5,
    6,
    7,
    8,
    9,
    10,
    11,
    12,
    13,
    14,
    15,
    16,
    17,
    18,
    19,
    20,
    21,
    22,
    23,
    24,
    25,
    26,
    27,
    28,
    29,
    30,
    31,
    32,
    33,
    34,
    35,
    36,
    37,
    38,
    39,
    40,
    41,
    42,
    43,
    44,
    45,
    46,
    47,
    48,
    49,
    50,
    51,
    52,
    53,
    54,
    55,
    56,
    57,
    58,
    59,
    60,
    61,
    62,
    63,
    64,
    65,
    66,
    67
  ],
  "train_loss": [
    0.4879057705402374,
    0.3333112299442291,
    0.29037079215049744,
    0.2628219425678253,
    0.23484207689762115,
    0.2285565286874771,
    0.20621217787265778,
    0.19838066399097443,
    0.17942260205745697,
    0.17751331627368927,
    0.17101606726646423,
    0.16927148401737213,
    0.1669396162033081,
    0.15090428292751312,
    0.1506912112236023,
    0.1441885232925415,
    0.14594580233097076,
    0.14666582643985748,
    0.14006906747817993,
    0.1328994631767273,
    0.1421375572681427,
    0.13401244580745697,
    0.13453300297260284,
    0.13091151416301727,
    0.1300336867570877,
    0.128240704536438,
    0.11988011002540588,
    0.12128943204879761,
    0.11890677362680435,
    0.1255030781030655,
    0.124642014503479,
    0.1153484582901001,
    0.11380138993263245,
    0.10768768936395645,
    0.11456476151943207,
    0.10804565250873566,
    0.10564247518777847,
    0.10311254858970642,
    0.1075548455119133,
    0.11415739357471466,
    0.10003052651882172,
    0.09490591287612915,
    0.1031276062130928,
    0.10096044838428497,
    0.1072097197175026,
    0.10514204949140549,
    0.10604742914438248,
    0.1029905304312706,
    0.1016145572066307,
    0.09024620801210403,
    0.101552814245224,
    0.09702441096305847,
    0.09602709114551544,
    0.09214837104082108,
    0.09599205106496811,
    0.089553102850914,
    0.09260048717260361,
    0.08851201087236404,
    0.09919188171625137,
    0.09191086888313293,
    0.09461406618356705,
    0.08436217159032822,
    0.08797246962785721,
    0.09221839904785156,
    0.09576898068189621,
    0.09178390353918076,
    0.084360271692276
  ],
  "val_loss": [
    0.5893691182136536,
    0.5042749047279358,
    0.4513714611530304,
    0.431085467338562,
    0.37849318981170654,
    0.3297519087791443,
    0.26057204604148865,
    0.23568925261497498,
    0.21607211232185364,
    0.20265556871891022,
    0.19757337868213654,
    0.1832595020532608,
    0.17823119461536407,
    0.17376558482646942,
    0.1639574021100998,
    0.1573367714881897,
    0.15969151258468628,
    0.1627771556377411,
    0.16184090077877045,
    0.16240812838077545,
    0.16559414565563202,
    0.16234053671360016,
    0.1523084193468094,
    0.1604742407798767,
    0.1599513590335846,
    0.15752236545085907,
    0.15733177959918976,
    0.14925390481948853,
    0.14916649460792542,
    0.15334823727607727,
    0.15330621600151062,
    0.14584146440029144,
    0.15017551183700562,
    0.14967042207717896,
    0.14907194674015045,
    0.14863376319408417,
    0.15050366520881653,
    0.14540839195251465,
    0.1474558264017105,
    0.14511756598949432,
    0.13590414822101593,
    0.14020901918411255,
    0.14089515805244446,
    0.14261160790920258,
    0.14222277700901031,
    0.13846854865550995,
    0.1351478546857834,
    0.14864394068717957,
    0.14970944821834564,
    0.15355244278907776,
    0.15228477120399475,
    0.16189102828502655,
    0.16002072393894196,
    0.15761695802211761,
    0.15783652663230896,
    0.1458984762430191,
    0.15314273536205292,
    0.15200553834438324,
    0.1434001624584198,
    0.14513231813907623,
    0.14856770634651184,
    0.15272970497608185,
    0.14635032415390015,
    0.14674422144889832,
    0.14873164892196655,
    0.15066054463386536,
    0.14374272525310516
  ],
  "train_mae": [
    0.8396400809288025,
    0.6541627645492554,
    0.5914127230644226,
    0.5557708740234375,
    0.51683509349823,
    0.509740948677063,
    0.47496896982192993,
    0.4601905345916748,
    0.4349779784679413,
    0.43546703457832336,
    0.42298513650894165,
    0.42301636934280396,
    0.41335976123809814,
    0.38767147064208984,
    0.39484718441963196,
    0.37675565481185913,
    0.3859829604625702,
    0.374188095331192,
    0.37236207723617554,
    0.358940988779068,
    0.3714388608932495,
    0.3625536859035492,
    0.3620786964893341,
    0.3541312515735626,
    0.3500647246837616,
    0.3511870205402374,
    0.33663439750671387,
    0.3412429690361023,
    0.33623525500297546,
    0.3497486114501953,
    0.34853801131248474,
    0.33425477147102356,
    0.3265964388847351,
    0.31388774514198303,
    0.32527002692222595,
    0.3122411370277405,
    0.3090866208076477,
    0.3091312050819397,
    0.31867489218711853,
    0.32675477862358093,
    0.3045908212661743,
    0.29096949100494385,
    0.3091907203197479,
    0.30208447575569153,
    0.3109327554702759,
    0.3121931552886963,
    0.3100544214248657,
    0.3084459602832794,
    0.3093562126159668,
    0.27868160605430603,
    0.29783016443252563,
    0.29743608832359314,
    0.2970360517501831,
    0.29127901792526245,
    0.2979934811592102,
    0.2819312512874603,
    0.2875736951828003,
    0.28098541498184204,
    0.29731470346450806,
    0.2873869240283966,
    0.2913910448551178,
    0.2704799771308899,
    0.28511491417884827,
    0.2841128706932068,
    0.2941878139972687,
    0.2862721085548401,
    0.2740006148815155
  ],
  "val_mae": [
    0.9797636866569519,
    0.8893563747406006,
    0.827267587184906,
    0.813122034072876,
    0.7536624073982239,
    0.6938837766647339,
    0.605828583240509,
    0.569325864315033,
    0.5161278247833252,
    0.49850913882255554,
    0.49708786606788635,
    0.46559086441993713,
    0.4505799114704132,
    0.4331989884376526,
    0.4128824472427368,
    0.39415138959884644,
    0.40592846274375916,
    0.42305484414100647,
    0.4100942015647888,
    0.4160768687725067,
    0.4277019500732422,
    0.41271278262138367,
    0.4106411635875702,
    0.42229023575782776,
    0.4255232512950897,
    0.418581485748291,
    0.41177329421043396,
    0.39416688680648804,
    0.4005548059940338,
    0.4170720875263214,
    0.41397470235824585,
    0.394025981426239,
    0.40445560216903687,
    0.3987106382846832,
    0.41024497151374817,
    0.3995867669582367,
    0.41153639554977417,
    0.3919132351875305,
    0.4044588506221771,
    0.4016326367855072,
    0.3675805330276489,
    0.3826211392879486,
    0.385250061750412,
    0.39451149106025696,
    0.39444342255592346,
    0.3817734122276306,
    0.37850522994995117,
    0.4075784683227539,
    0.4118332266807556,
    0.41388848423957825,
    0.40486806631088257,
    0.4368240237236023,
    0.421604722738266,
    0.42850974202156067,
    0.42609062790870667,
    0.39866194128990173,
    0.4180111885070801,
    0.4158647656440735,
    0.39466577768325806,
    0.40312907099723816,
    0.40413787961006165,
    0.4172165095806122,
    0.39797714352607727,
    0.39762672781944275,
    0.4091639220714569,
    0.4098013639450073,
    0.39920350909233093
  ],