{
  "epoch": [
    1,
    2,
    3,
    4,
    5,
    6,
    7,
    8,
    9,
    10,
    11,
    12,
    13,
    14,
    15,
    16,
    17,
    18,
    19,
    20,
    21,
    22,
    23,
    24,
    25,
    26,
    27,
    28,
    29,
    30,
    31,
    32,
    33,
    34,
    35,
    36,
    37,
    38,
    39,
    40,
    41,
    42,
    43,
    44,
    45,
    46,
    47,
    48,
    49,
    50,
    51,
    52,
    53,
    54,
    55,
    56,
    57,
    58,
    59,
    60,
    61,
    62,
    63,
    64,
    65,
    66,
    67,
    68,
    69,
    70,
    71,
    72,
    73
  ],
  "train_loss": [
    0.5430384278297424,
    0.3860566318035126,
    0.3117966949939728,
    0.2912602424621582,
    0.24435466527938843,
    0.22906212508678436,
    0.20918934047222137,
    0.19870500266551971,
    0.20032814145088196,
    0.191664457321167,
    0.1754118800163269,
    0.17894303798675537,
    0.1835239976644516,
    0.18012501299381256,
    0.17036615312099457,
    0.1540900617837906,
    0.15505000948905945,
    0.15483857691287994,
    0.1652202606201172,
    0.15103401243686676,
    0.14664499461650848,
    0.14313076436519623,
    0.14611922204494476,
    0.14612933993339539,
    0.13066664338111877,
    0.13776344060897827,
    0.13826805353164673,
    0.13981778919696808,
    0.1283680945634842,
    0.1305505484342575,
    0.13025370240211487,
    0.12916447222232819,
    0.12334145605564117,
    0.11787448823451996,
    0.12048635631799698,
    0.12694111466407776,
    0.1233452707529068,
    0.11919599771499634,
    0.1241590678691864,
    0.11493401974439621,
    0.12017712742090225,
    0.11362805217504501,
    0.11795152723789215,
    0.11606644093990326,
    0.11644306033849716,
    0.11595062911510468,
    0.11820117384195328,
    0.11133863776922226,
    0.1015729233622551,
    0.11737644672393799,
    0.10893130302429199,
    0.10928823053836823,
    0.10703867673873901,
    0.11163537949323654,
    0.11194933205842972,
    0.10374566912651062,
    0.10811720788478851,
    0.10176145285367966,
    0.10834796726703644,
    0.1032135933637619,
    0.11217273771762848,
    0.1008947342634201,
    0.10614875704050064,
    0.10549012571573257,
    0.09924494475126266,
    0.10429559648036957,
    0.10574865341186523,
    0.10389764606952667,
    0.09872731566429138,
    0.10196813195943832,
    0.10366891324520111,
    0.10094444453716278,
    0.10576648265123367
  ],
  "val_loss": [
    0.5799054503440857,
    0.5527113080024719,
    0.5165253281593323,
    0.4712403416633606,
    0.4532059133052826,
    0.38787543773651123,
    0.35230398178100586,
    0.34074288606643677,
    0.32048022747039795,
    0.3058106005191803,
    0.2619474530220032,
    0.2532748878002167,
    0.249286487698555,
    0.23674441874027252,
    0.23989906907081604,
    0.22137677669525146,
    0.2345232516527176,
    0.22733043134212494,
    0.23412051796913147,
    0.2382849156856537,
    0.23667104542255402,
    0.21939487755298615,
    0.2294955998659134,
    0.21687230467796326,
    0.21922749280929565,
    0.21542686223983765,
    0.22158761322498322,
    0.21013610064983368,
    0.20563428103923798,
    0.2146943062543869,
    0.2252366542816162,
    0.21940913796424866,
    0.20892448723316193,
    0.21386928856372833,
    0.21092303097248077,
    0.2111044079065323,
    0.21367548406124115,
    0.21163085103034973,
    0.20787672698497772,
    0.20507395267486572,
    0.20300894975662231,
    0.2137192189693451,
    0.2171979695558548,
    0.2068367451429367,
    0.21016092598438263,
    0.2069540023803711,
    0.21279582381248474,
    0.21077358722686768,
    0.21236364543437958,
    0.20845086872577667,
    0.20097170770168304,
    0.19552099704742432,
    0.19419653713703156,
    0.20257802307605743,
    0.2038256675004959,
    0.20028498768806458,
    0.19981783628463745,
    0.1985599547624588,
    0.20013929903507233,
    0.20080649852752686,
    0.20382243394851685,
    0.20095400512218475,
    0.19924531877040863,
    0.20617075264453888,
    0.20486004650592804,
    0.206170454621315,
    0.20448602735996246,
    0.2009156048297882,
    0.1985524445772171,
    0.19774039089679718,
    0.19755767285823822,
    0.1979430466890335,
    0.19559653103351593
  ],
  "train_mae": [
    0.8941599130630493,
    0.7171832919120789,
    0.6216867566108704,
    0.5921700596809387,
    0.529576301574707,
    0.5085061192512512,
    0.47979164123535156,
    0.4634566307067871,
    0.46389859914779663,
    0.44745245575904846,
    0.430431604385376,
    0.4381569027900696,
    0.4343268871307373,
    0.433849573135376,
    0.4176751375198364,
    0.39049071073532104,
    0.390425443649292,
    0.38988369703292847,
    0.40668541193008423,
    0.3890848159790039,
    0.37581220269203186,
    0.3720971941947937,
    0.3758709132671356,
    0.3699111044406891,
    0.3531797230243683,
    0.364679753780365,
    0.36187082529067993,
    0.36449167132377625,
    0.34722042083740234,
    0.34641215205192566,
    0.34532564878463745,
    0.3494541049003601,
    0.34155431389808655,
    0.32449039816856384,
    0.33221325278282166,
    0.3461507260799408,
    0.3356643617153168,
    0.33117949962615967,
    0.3366958200931549,
    0.31672435998916626,
    0.3295480012893677,
    0.32421180605888367,
    0.3247135281562805,
    0.32547199726104736,
    0.32514047622680664,
    0.3295987844467163,
    0.33601608872413635,
    0.31743761897087097,
    0.3012119233608246,
    0.3327203392982483,
    0.31534692645072937,
    0.3182356357574463,
    0.31113457679748535,
    0.3178980350494385,
    0.31819114089012146,
    0.3090718984603882,
    0.3123053014278412,
    0.3021981716156006,
    0.3077806830406189,
    0.3061768412590027,
    0.32035624980926514,
    0.3011270761489868,
    0.31123435497283936,
    0.3095574975013733,
    0.29721489548683167,
    0.30929264426231384,
    0.3096863329410553,
    0.30422574281692505,
    0.29414480924606323,
    0.29827186465263367,
    0.3050689697265625,
    0.3047458231449127,
    0.3060641586780548
  ],
  "val_mae": [
    0.9624509215354919,
    0.9422983527183533,
    0.9052100777626038,
    0.8546222448348999,
    0.8355188965797424,
    0.7556030750274658,
    0.7134922742843628,
    0.7016427516937256,
    0.6739581823348999,
    0.6492514610290527,
    0.5632389187812805,
    0.5457719564437866,
    0.5340062379837036,
    0.5026195645332336,
    0.5308406949043274,
    0.4914667308330536,
    0.5131697058677673,
    0.5178449749946594,
    0.5315645337104797,
    0.531518280506134,
    0.5315623879432678,
    0.499067485332489,
    0.5159192085266113,
    0.49768778681755066,
    0.5045236349105835,
    0.4954338073730469,
    0.5157241821289062,
    0.488028347492218,
    0.474830687046051,
    0.4974064528942108,
    0.514864444732666,
    0.5093216300010681,
    0.4826948642730713,
    0.4890057444572449,
    0.4841713011264801,
    0.48853978514671326,
    0.49674805998802185,
    0.4916616678237915,
    0.48364710807800293,
    0.4774625897407532,
    0.4697284400463104,
    0.49056321382522583,
    0.5005091428756714,
    0.482210248708725,
    0.4910353422164917,
    0.4817591905593872,
    0.49711692333221436,
    0.49449944496154785,
    0.4954596161842346,
    0.49001017212867737,
    0.4773961305618286,
    0.4662299156188965,
    0.46651992201805115,
    0.48377031087875366,
    0.4890702962875366,
    0.479504257440567,
    0.47936803102493286,
    0.47990310192108154,
    0.48284777998924255,
    0.4833105802536011,
    0.4926864206790924,
    0.48754388093948364,
    0.48156148195266724,
    0.49612364172935486,
    0.4951549768447876,
    0.49816378951072693,
    0.4964981973171234,
    0.4914422035217285,
    0.48782357573509216,
    0.4860844910144806,
    0.48690393567085266,
    0.48943981528282166,
    0.4866476356983185
  ]
}